epoch,time,train/box_loss,train/cls_loss,train/dfl_loss,metrics/precision(B),metrics/recall(B),metrics/mAP50(B),metrics/mAP50-95(B),val/box_loss,val/cls_loss,val/dfl_loss,lr/pg0,lr/pg1,lr/pg2
1,12.2128,3.52939,4.25472,4.24712,0.0063,0.32177,0.00485,0.00189,3.31127,4.10369,4.14459,0.0874,0.0014,0.0014
2,21.676,3.53305,4.13403,4.18737,0.00637,0.31854,0.00788,0.00271,3.30162,3.99,4.09814,0.0738928,0.00289282,0.00289282
3,31.1132,3.52268,3.95537,4.0911,0.00433,0.37715,0.01482,0.0037,3.28532,3.98375,4.04461,0.0603782,0.00437822,0.00437822
4,40.7153,3.5367,3.76855,3.98768,0.00357,0.36731,0.0142,0.00344,3.25843,4.17276,3.9743,0.0468562,0.00585619,0.00585619
5,50.3665,3.45124,3.66102,3.85751,0.00369,0.40047,0.02778,0.00648,3.2371,4.26355,3.90028,0.0333267,0.00732674,0.00732674
6,60.1141,3.1781,3.57906,3.62835,0.00362,0.44094,0.00802,0.00239,3.19933,4.14335,3.77161,0.0197899,0.00878986,0.00878986
7,70.0249,2.88511,3.40446,3.32141,0.01092,0.09297,0.0096,0.00297,3.21526,inf,6.32059,0.0098515,0.0098515,0.0098515
8,79.9558,2.62142,3.25166,3.07558,0.00739,0.49594,0.00644,0.00214,2.96497,inf,5.84972,0.00982675,0.00982675,0.00982675
9,89.6723,2.41631,3.08139,2.91139,0.0835,0.2393,0.06853,0.02361,2.53015,5.73489,3.3079,0.009802,0.009802,0.009802
10,99.5421,2.21159,2.89223,2.73012,0.16417,0.21036,0.11683,0.0418,2.39728,11.9214,3.09376,0.00977725,0.00977725,0.00977725
11,109.228,2.10216,2.7349,2.59131,0.18886,0.2439,0.1461,0.05809,2.29885,11.7109,2.96616,0.0097525,0.0097525,0.0097525
12,118.88,1.94413,2.57458,2.48079,0.19843,0.22643,0.11478,0.04628,2.26614,7.79028,2.93577,0.00972775,0.00972775,0.00972775
13,128.561,1.86792,2.47897,2.39516,0.19884,0.23528,0.14055,0.06172,2.23921,6.68569,2.93725,0.009703,0.009703,0.009703
14,138.265,1.82235,2.40686,2.33386,0.28532,0.32525,0.20809,0.10351,1.99501,6.80029,2.6483,0.00967825,0.00967825,0.00967825
15,147.989,1.78658,2.36111,2.29117,0.29646,0.31759,0.18398,0.08665,2.05658,7.50476,2.78854,0.0096535,0.0096535,0.0096535
16,157.808,1.72672,2.27767,2.23346,0.08867,0.32328,0.04369,0.01964,2.63603,inf,7.41818,0.00962875,0.00962875,0.00962875
17,167.434,1.68782,2.22496,2.19371,0.33895,0.33754,0.2776,0.14541,1.78196,3.95826,2.44707,0.009604,0.009604,0.009604
18,177.033,1.65357,2.17446,2.16622,0.38193,0.40962,0.34054,0.16899,1.76269,3.59339,2.47142,0.00957925,0.00957925,0.00957925
19,186.573,1.60925,2.10888,2.116,0.34586,0.37239,0.35758,0.20155,1.67849,2.80448,2.36034,0.0095545,0.0095545,0.0095545
20,196.029,1.5788,2.06197,2.08007,0.40155,0.36813,0.33622,0.18293,1.82194,3.00166,2.55367,0.00952975,0.00952975,0.00952975
21,205.621,1.57338,2.02961,2.07624,0.40456,0.45132,0.38297,0.2111,1.67321,2.39027,2.2719,0.009505,0.009505,0.009505
22,215.063,1.54832,1.95395,2.05278,0.46935,0.46567,0.40844,0.23857,1.59947,2.21322,2.24526,0.00948025,0.00948025,0.00948025
23,224.758,1.54474,1.952,2.02883,0.5014,0.43115,0.38948,0.22746,1.573,2.54293,2.21145,0.0094555,0.0094555,0.0094555
24,234.329,1.51863,1.94849,2.01973,0.49118,0.41262,0.43347,0.2564,1.57545,2.26037,2.15085,0.00943075,0.00943075,0.00943075
25,243.944,1.4864,1.89824,1.98599,0.54836,0.50765,0.46937,0.2703,1.53506,2.11787,2.15073,0.009406,0.009406,0.009406
26,253.515,1.4865,1.87669,1.96923,0.47131,0.53692,0.48425,0.28395,1.56178,2.05927,2.16964,0.00938125,0.00938125,0.00938125
27,262.912,1.48345,1.88659,1.96552,0.3482,0.44354,0.3793,0.22273,1.68303,2.59337,2.31921,0.0093565,0.0093565,0.0093565
28,272.385,1.47588,1.82786,1.94651,0.48624,0.4991,0.45968,0.27795,1.47136,2.15205,2.07623,0.00933175,0.00933175,0.00933175
29,281.844,1.44623,1.79306,1.9226,0.42447,0.48203,0.43575,0.25392,1.61162,2.2518,2.22951,0.009307,0.009307,0.009307
30,291.315,1.44295,1.78739,1.91257,0.52061,0.45856,0.47926,0.28982,1.56516,2.00865,2.11132,0.00928225,0.00928225,0.00928225
31,300.906,1.42537,1.781,1.90491,0.48817,0.54856,0.48783,0.28553,1.47616,1.92091,2.06657,0.0092575,0.0092575,0.0092575
32,310.393,1.43508,1.76514,1.90846,0.52877,0.51143,0.50164,0.29361,1.60525,2.07991,2.15468,0.00923275,0.00923275,0.00923275
33,319.818,1.43814,1.76734,1.90152,0.49521,0.55075,0.50214,0.30284,1.40779,1.97456,1.9999,0.009208,0.009208,0.009208
34,329.333,1.40942,1.74038,1.87897,0.58879,0.45121,0.50006,0.28122,1.60693,2.26484,2.1253,0.00918325,0.00918325,0.00918325
35,338.769,1.42227,1.72087,1.87379,0.54831,0.52729,0.50284,0.29777,1.49588,1.78771,2.04417,0.0091585,0.0091585,0.0091585
36,348.316,1.41301,1.70844,1.87467,0.56784,0.58679,0.57888,0.35226,1.44319,1.6928,1.99598,0.00913375,0.00913375,0.00913375
37,357.768,1.39237,1.69183,1.85529,0.61982,0.54266,0.58584,0.36107,1.40004,1.67118,1.94686,0.009109,0.009109,0.009109
38,367.258,1.38859,1.68637,1.84546,0.58426,0.58251,0.60414,0.36858,1.39088,1.61991,1.92843,0.00908425,0.00908425,0.00908425
39,376.581,1.37419,1.64765,1.83602,0.65292,0.56092,0.59889,0.37418,1.44039,1.65437,2.01695,0.0090595,0.0090595,0.0090595
40,386.091,1.35856,1.62612,1.81463,0.59061,0.54839,0.60193,0.36899,1.47857,1.71452,2.01226,0.00903475,0.00903475,0.00903475
41,395.472,1.37685,1.60455,1.83381,0.63657,0.58696,0.62971,0.39197,1.38773,1.55337,1.93919,0.00901,0.00901,0.00901
42,404.908,1.35241,1.6236,1.81691,0.70781,0.51415,0.61657,0.38241,1.34813,1.51625,1.90492,0.00898525,0.00898525,0.00898525
43,414.126,1.34767,1.59771,1.82093,0.58929,0.55182,0.57361,0.3573,1.36366,1.67568,1.91453,0.0089605,0.0089605,0.0089605
44,423.523,1.34928,1.57427,1.80652,0.59685,0.6015,0.60962,0.38166,1.35617,1.53995,1.92043,0.00893575,0.00893575,0.00893575
45,433,1.3476,1.58875,1.79446,0.62099,0.55594,0.59277,0.36814,1.39731,1.57818,1.91339,0.008911,0.008911,0.008911
46,442.438,1.35564,1.56136,1.80109,0.68452,0.58608,0.65651,0.4184,1.37475,1.44553,1.90536,0.00888625,0.00888625,0.00888625
47,451.822,1.32678,1.51341,1.77837,0.61532,0.62112,0.64626,0.40458,1.33341,1.484,1.86401,0.0088615,0.0088615,0.0088615
48,461.216,1.3265,1.52402,1.7819,0.73809,0.59201,0.66193,0.41944,1.36495,1.43968,1.88984,0.00883675,0.00883675,0.00883675
49,470.871,1.3281,1.51086,1.77696,0.68597,0.59733,0.6549,0.41576,1.33641,1.41289,1.87067,0.008812,0.008812,0.008812
50,480.265,1.30983,1.51046,1.75455,0.73915,0.58352,0.67331,0.42675,1.33445,1.45001,1.86662,0.00878725,0.00878725,0.00878725
51,489.668,1.32685,1.52162,1.76815,0.72885,0.57314,0.67075,0.42642,1.38221,1.40309,1.91841,0.0087625,0.0087625,0.0087625
52,499.184,1.30882,1.49946,1.74634,0.72239,0.5754,0.66421,0.4157,1.38031,1.38063,1.91197,0.00873775,0.00873775,0.00873775
53,508.631,1.31619,1.48476,1.7596,0.66685,0.63895,0.67856,0.42775,1.32998,1.40283,1.85679,0.008713,0.008713,0.008713
54,517.981,1.30827,1.47494,1.75356,0.72288,0.58239,0.65593,0.41113,1.32603,1.53013,1.85898,0.00868825,0.00868825,0.00868825
55,527.452,1.30302,1.44823,1.7448,0.70978,0.61688,0.69096,0.44513,1.31456,1.3027,1.84882,0.0086635,0.0086635,0.0086635
56,536.835,1.30333,1.45067,1.74419,0.74715,0.58628,0.69117,0.44731,1.3725,1.35609,1.91083,0.00863875,0.00863875,0.00863875
57,546.208,1.27151,1.43232,1.72735,0.57143,0.60538,0.62408,0.40214,1.28889,1.44011,1.81224,0.008614,0.008614,0.008614
58,555.689,1.2923,1.41733,1.72991,0.72056,0.56018,0.66782,0.43065,1.35287,1.38273,1.85077,0.00858925,0.00858925,0.00858925
59,565.068,1.28553,1.41584,1.71663,0.72901,0.60175,0.67541,0.43061,1.34187,1.37484,1.86084,0.0085645,0.0085645,0.0085645
60,574.57,1.27451,1.41105,1.70448,0.73461,0.59886,0.69217,0.44612,1.33738,1.30711,1.84321,0.00853975,0.00853975,0.00853975
61,583.949,1.27323,1.40775,1.70371,0.76837,0.59291,0.70182,0.4575,1.29753,1.32567,1.7973,0.008515,0.008515,0.008515
62,593.414,1.2704,1.38032,1.70862,0.71808,0.66545,0.72318,0.46629,1.29312,1.2616,1.81421,0.00849025,0.00849025,0.00849025
63,602.833,1.27553,1.37401,1.7093,0.69533,0.5424,0.65379,0.41083,1.43905,1.46828,1.93844,0.0084655,0.0084655,0.0084655
64,612.156,1.25832,1.35575,1.69399,0.71739,0.65335,0.69955,0.45486,1.29383,1.24013,1.83779,0.00844075,0.00844075,0.00844075
65,621.606,1.24532,1.33444,1.6819,0.72387,0.61343,0.69554,0.44597,1.31481,1.2744,1.81252,0.008416,0.008416,0.008416
66,630.987,1.24549,1.329,1.68289,0.75981,0.61138,0.68982,0.43802,1.37631,1.37665,1.867,0.00839125,0.00839125,0.00839125
67,640.312,1.25624,1.34657,1.68652,0.80658,0.61881,0.73313,0.4772,1.28194,1.23638,1.79184,0.0083665,0.0083665,0.0083665
68,649.681,1.24206,1.31821,1.68304,0.76231,0.64469,0.73663,0.48011,1.28385,1.17527,1.8088,0.00834175,0.00834175,0.00834175
69,659.183,1.24734,1.33429,1.68636,0.78628,0.59726,0.71331,0.45388,1.34907,1.28976,1.8298,0.008317,0.008317,0.008317
70,668.767,1.22485,1.31642,1.66938,0.70176,0.62742,0.69947,0.4501,1.30479,1.31626,1.82906,0.00829225,0.00829225,0.00829225
71,678.171,1.24397,1.32026,1.6792,0.76145,0.64363,0.73952,0.47771,1.27298,1.15856,1.7681,0.0082675,0.0082675,0.0082675
72,687.611,1.22468,1.29277,1.66792,0.72194,0.62799,0.71757,0.46204,1.28577,1.31125,1.79226,0.00824275,0.00824275,0.00824275
73,696.957,1.23508,1.29886,1.67708,0.76476,0.60938,0.70393,0.45001,1.29048,1.28149,1.78429,0.008218,0.008218,0.008218
74,706.366,1.22031,1.28825,1.65971,0.77998,0.58977,0.7132,0.46258,1.32735,1.22669,1.83284,0.00819325,0.00819325,0.00819325
75,715.766,1.22371,1.30382,1.66609,0.71291,0.65626,0.7297,0.46913,1.2782,1.19119,1.77559,0.0081685,0.0081685,0.0081685
76,725.071,1.23217,1.27153,1.65197,0.72739,0.67568,0.72986,0.47446,1.26126,1.16608,1.75693,0.00814375,0.00814375,0.00814375
77,734.268,1.22792,1.28121,1.65622,0.77303,0.66556,0.74696,0.48014,1.32576,1.14915,1.8137,0.008119,0.008119,0.008119
78,743.615,1.22231,1.27863,1.66673,0.69402,0.63351,0.6961,0.43821,1.3515,1.28977,1.84663,0.00809425,0.00809425,0.00809425
79,752.906,1.21468,1.25879,1.64146,0.79426,0.53707,0.66743,0.42864,1.36361,1.4351,1.8469,0.0080695,0.0080695,0.0080695
80,762.397,1.22323,1.25929,1.65645,0.78985,0.61599,0.73336,0.47908,1.24441,1.17914,1.73451,0.00804475,0.00804475,0.00804475
81,771.877,1.19149,1.23114,1.63248,0.7362,0.61137,0.70155,0.44383,1.38703,1.3174,1.84864,0.00802,0.00802,0.00802
82,781.282,1.221,1.24974,1.6534,0.79745,0.64419,0.75399,0.49496,1.25065,1.10862,1.74104,0.00799525,0.00799525,0.00799525
83,790.762,1.18848,1.22513,1.6356,0.73962,0.63047,0.71054,0.44389,1.32173,1.25164,1.80723,0.0079705,0.0079705,0.0079705
84,800.09,1.21487,1.25015,1.64289,0.68577,0.6379,0.70564,0.45374,1.34145,1.24168,1.81966,0.00794575,0.00794575,0.00794575
85,809.442,1.21555,1.232,1.647,0.76758,0.65312,0.75263,0.49029,1.27733,1.14269,1.75185,0.007921,0.007921,0.007921
86,818.871,1.20067,1.20562,1.63622,0.77511,0.68741,0.76538,0.49362,1.26371,1.13997,1.74394,0.00789625,0.00789625,0.00789625
87,828.319,1.2123,1.18748,1.63382,0.73827,0.68406,0.75576,0.4899,1.22307,1.14814,1.71942,0.0078715,0.0078715,0.0078715
88,837.859,1.18248,1.21571,1.61814,0.75882,0.68651,0.7652,0.50161,1.25308,1.1482,1.71557,0.00784675,0.00784675,0.00784675
89,847.492,1.19204,1.21029,1.62443,0.78107,0.67404,0.76476,0.50257,1.24788,1.11605,1.72422,0.007822,0.007822,0.007822
90,856.907,1.19613,1.20115,1.62907,0.74968,0.67993,0.76662,0.5007,1.27144,1.1171,1.74837,0.00779725,0.00779725,0.00779725
91,866.253,1.19741,1.21706,1.62573,0.76783,0.66398,0.76174,0.49536,1.27955,1.0883,1.77318,0.0077725,0.0077725,0.0077725
92,875.652,1.18977,1.20241,1.62956,0.76059,0.66553,0.75326,0.49521,1.22835,1.11672,1.734,0.00774775,0.00774775,0.00774775
93,885.103,1.1986,1.17629,1.62848,0.75413,0.67884,0.75829,0.49458,1.22921,1.1317,1.72715,0.007723,0.007723,0.007723
94,894.469,1.19105,1.17483,1.61207,0.80492,0.66745,0.77095,0.49557,1.29885,1.1156,1.75402,0.00769825,0.00769825,0.00769825
95,904.155,1.17588,1.15907,1.60032,0.76157,0.69443,0.76737,0.50932,1.22489,1.10405,1.71468,0.0076735,0.0076735,0.0076735
96,913.531,1.18189,1.18232,1.6073,0.77558,0.67408,0.78078,0.51135,1.25485,1.09619,1.74488,0.00764875,0.00764875,0.00764875
97,922.894,1.19744,1.19347,1.62699,0.76394,0.70433,0.78404,0.50677,1.2668,1.05855,1.74783,0.007624,0.007624,0.007624
98,932.253,1.17487,1.16268,1.60492,0.7165,0.70057,0.7601,0.4962,1.25713,1.09408,1.7396,0.00759925,0.00759925,0.00759925
99,941.692,1.15899,1.13224,1.58947,0.74505,0.69532,0.7661,0.50559,1.23767,1.02565,1.71856,0.0075745,0.0075745,0.0075745
100,951.064,1.16182,1.14,1.58755,0.72943,0.64782,0.74537,0.48813,1.26244,1.20482,1.72703,0.00754975,0.00754975,0.00754975
101,960.429,1.17457,1.1312,1.59073,0.80769,0.66212,0.77084,0.50218,1.24487,1.06687,1.71417,0.007525,0.007525,0.007525
102,970.045,1.16571,1.11604,1.5827,0.7409,0.71628,0.79147,0.51942,1.23293,1.01514,1.69607,0.00750025,0.00750025,0.00750025
103,979.467,1.17888,1.1317,1.58506,0.73569,0.69834,0.76345,0.50192,1.21624,1.00491,1.67077,0.0074755,0.0074755,0.0074755
104,988.745,1.14148,1.12478,1.56798,0.77583,0.69265,0.77665,0.50911,1.23651,1.02318,1.69877,0.00745075,0.00745075,0.00745075
105,998.172,1.1531,1.10266,1.57749,0.73864,0.673,0.75332,0.4899,1.2514,1.09853,1.73075,0.007426,0.007426,0.007426
106,1007.86,1.16933,1.12703,1.5887,0.70578,0.68693,0.74316,0.48014,1.28435,1.11148,1.75313,0.00740125,0.00740125,0.00740125
107,1017.45,1.1641,1.12815,1.58962,0.75485,0.69769,0.77238,0.5124,1.27671,1.07566,1.76224,0.0073765,0.0073765,0.0073765
108,1026.93,1.16082,1.12315,1.57578,0.71823,0.73459,0.76209,0.50903,1.22964,1.08206,1.702,0.00735175,0.00735175,0.00735175
109,1036.18,1.15902,1.11946,1.57708,0.79746,0.69137,0.76977,0.50639,1.24601,1.056,1.72014,0.007327,0.007327,0.007327
110,1045.5,1.14769,1.12175,1.56626,0.78392,0.67397,0.77421,0.49985,1.24571,1.11249,1.71686,0.00730225,0.00730225,0.00730225
111,1055.01,1.16759,1.12086,1.5825,0.79548,0.67081,0.76628,0.50933,1.25883,1.05408,1.73311,0.0072775,0.0072775,0.0072775
112,1064.6,1.14746,1.11762,1.56567,0.76981,0.71484,0.78902,0.52491,1.20799,1.02814,1.70136,0.00725275,0.00725275,0.00725275
113,1074.23,1.18066,1.12169,1.58856,0.82552,0.6722,0.79184,0.5251,1.21052,1.03458,1.69247,0.007228,0.007228,0.007228
114,1083.69,1.13352,1.08626,1.56598,0.74294,0.69653,0.76518,0.50592,1.26065,1.06024,1.71716,0.00720325,0.00720325,0.00720325
115,1093.13,1.13982,1.08774,1.56378,0.82603,0.64205,0.77404,0.50196,1.22886,1.0804,1.67895,0.0071785,0.0071785,0.0071785
116,1102.46,1.1567,1.07421,1.56631,0.7696,0.67612,0.77385,0.51471,1.23076,1.06287,1.70649,0.00715375,0.00715375,0.00715375
117,1111.82,1.1355,1.07109,1.54217,0.7712,0.69073,0.77079,0.51627,1.23345,1.03134,1.69702,0.007129,0.007129,0.007129
118,1121.23,1.15629,1.0902,1.57168,0.75486,0.7249,0.78916,0.51773,1.27096,1.05389,1.72689,0.00710425,0.00710425,0.00710425
119,1130.52,1.14644,1.08813,1.56468,0.81339,0.68437,0.8028,0.54034,1.21373,0.98164,1.68216,0.0070795,0.0070795,0.0070795
120,1140.02,1.12907,1.06443,1.54232,0.80397,0.69112,0.80152,0.52941,1.22921,0.95,1.69365,0.00705475,0.00705475,0.00705475
121,1149.59,1.12402,1.04076,1.53991,0.80868,0.67172,0.78726,0.51703,1.24444,1.02528,1.69604,0.00703,0.00703,0.00703
122,1159.05,1.14398,1.06479,1.55462,0.79827,0.6757,0.77993,0.51483,1.23714,1.01458,1.70345,0.00700525,0.00700525,0.00700525
123,1168.52,1.13886,1.04909,1.55045,0.79296,0.67293,0.77393,0.50974,1.24584,0.99963,1.7146,0.0069805,0.0069805,0.0069805
124,1177.98,1.14032,1.04936,1.5497,0.76675,0.68719,0.76395,0.50082,1.22639,1.06837,1.70492,0.00695575,0.00695575,0.00695575
125,1187.33,1.11512,1.03867,1.53828,0.80343,0.67358,0.77349,0.51259,1.24438,1.0606,1.70914,0.006931,0.006931,0.006931
126,1196.76,1.14279,1.06724,1.55654,0.78561,0.70422,0.79395,0.52625,1.23938,1.02449,1.6995,0.00690625,0.00690625,0.00690625
127,1206.18,1.12957,1.04651,1.54605,0.78949,0.71864,0.79269,0.51716,1.23355,1.04482,1.68712,0.0068815,0.0068815,0.0068815
128,1215.65,1.14055,1.04973,1.54959,0.79847,0.65857,0.77636,0.51915,1.22417,0.99394,1.67541,0.00685675,0.00685675,0.00685675
129,1225.1,1.11871,1.01998,1.53606,0.76564,0.72395,0.78849,0.51968,1.23433,1.02397,1.69145,0.006832,0.006832,0.006832
130,1234.55,1.12702,1.04091,1.53454,0.79608,0.69913,0.79906,0.5295,1.19202,0.94507,1.67895,0.00680725,0.00680725,0.00680725
131,1243.86,1.12373,1.03214,1.53557,0.78431,0.69304,0.7778,0.51641,1.2469,1.10158,1.70993,0.0067825,0.0067825,0.0067825
132,1253.23,1.09826,1.00563,1.5167,0.76259,0.75802,0.81936,0.54142,1.22672,0.95621,1.72136,0.00675775,0.00675775,0.00675775
133,1262.6,1.12588,1.04078,1.53766,0.79886,0.71355,0.78758,0.52276,1.2145,0.97823,1.68781,0.006733,0.006733,0.006733
134,1271.99,1.10313,1.01603,1.51067,0.81255,0.67423,0.79881,0.52715,1.23306,0.9851,1.71509,0.00670825,0.00670825,0.00670825
135,1281.4,1.10744,1.03329,1.52592,0.78693,0.69173,0.78528,0.50887,1.24459,1.0732,1.70455,0.0066835,0.0066835,0.0066835
136,1290.87,1.11339,1.01932,1.52039,0.73041,0.70858,0.77361,0.50805,1.25059,1.0428,1.69447,0.00665875,0.00665875,0.00665875
137,1300.38,1.10006,1.01856,1.52095,0.74255,0.73878,0.79443,0.5279,1.23714,0.96043,1.68434,0.006634,0.006634,0.006634
138,1309.95,1.10996,0.9946,1.50899,0.76155,0.73064,0.78134,0.52069,1.22268,1.02745,1.66995,0.00660925,0.00660925,0.00660925
139,1319.4,1.1039,1.00974,1.51629,0.80757,0.70744,0.7944,0.53307,1.18478,0.97389,1.64251,0.0065845,0.0065845,0.0065845
140,1328.84,1.12214,1.00786,1.52489,0.79702,0.73081,0.80587,0.53087,1.25116,0.99456,1.71785,0.00655975,0.00655975,0.00655975
141,1338.31,1.11016,1.01072,1.51763,0.80387,0.74243,0.82401,0.54726,1.22228,0.94648,1.69602,0.006535,0.006535,0.006535
142,1347.74,1.0931,0.99181,1.50452,0.76657,0.70569,0.79227,0.52222,1.25141,1.03841,1.69614,0.00651025,0.00651025,0.00651025
143,1356.96,1.1146,1.01798,1.5297,0.76622,0.69409,0.77646,0.52846,1.18797,1.02687,1.63792,0.0064855,0.0064855,0.0064855
144,1366.56,1.12131,0.99116,1.52528,0.73973,0.74802,0.79192,0.53486,1.1806,0.94097,1.63181,0.00646075,0.00646075,0.00646075
145,1376.01,1.08899,0.98922,1.50521,0.78409,0.72504,0.7981,0.5319,1.17973,0.9849,1.63533,0.006436,0.006436,0.006436
146,1385.52,1.10321,0.99611,1.52235,0.79464,0.71833,0.80148,0.52885,1.20833,0.92321,1.6515,0.00641125,0.00641125,0.00641125
147,1394.94,1.08173,0.97991,1.49208,0.79539,0.70699,0.79596,0.51932,1.25591,0.98536,1.68931,0.0063865,0.0063865,0.0063865
148,1404.39,1.09742,0.9636,1.50228,0.83769,0.70303,0.81435,0.54124,1.20201,0.94104,1.65098,0.00636175,0.00636175,0.00636175
149,1413.9,1.10564,0.98634,1.51198,0.80905,0.7104,0.79249,0.52786,1.21345,0.96571,1.67247,0.006337,0.006337,0.006337
150,1423.24,1.09588,0.98104,1.51255,0.78256,0.75428,0.80908,0.53537,1.21468,0.97741,1.67623,0.00631225,0.00631225,0.00631225
151,1432.68,1.09147,0.96462,1.50319,0.8028,0.73054,0.81432,0.5487,1.19647,0.90999,1.65952,0.0062875,0.0062875,0.0062875
152,1442.15,1.1029,0.9727,1.49809,0.77572,0.72359,0.79054,0.53152,1.21211,0.98334,1.66534,0.00626275,0.00626275,0.00626275
153,1451.53,1.08595,0.9527,1.50143,0.86121,0.67187,0.81014,0.54223,1.20683,0.97124,1.68386,0.006238,0.006238,0.006238
154,1461.04,1.07145,0.95018,1.49642,0.78244,0.73809,0.80282,0.53637,1.20116,0.96513,1.67113,0.00621325,0.00621325,0.00621325
155,1470.46,1.08818,0.95923,1.50403,0.82165,0.71548,0.80464,0.544,1.20667,0.93722,1.67206,0.0061885,0.0061885,0.0061885
156,1479.91,1.0889,0.94558,1.49674,0.83659,0.67383,0.78066,0.52911,1.17591,0.9673,1.62846,0.00616375,0.00616375,0.00616375
157,1489.34,1.07985,0.96032,1.49802,0.80342,0.69902,0.78812,0.52979,1.20746,0.98309,1.65246,0.006139,0.006139,0.006139
158,1498.81,1.07552,0.9372,1.48613,0.8311,0.67046,0.78818,0.53273,1.19953,0.99073,1.63964,0.00611425,0.00611425,0.00611425
159,1508.3,1.07605,0.94224,1.48728,0.81072,0.71264,0.80262,0.53738,1.17039,0.97106,1.62898,0.0060895,0.0060895,0.0060895
160,1517.85,1.08433,0.94178,1.49021,0.78128,0.72693,0.79563,0.53021,1.20853,0.94851,1.659,0.00606475,0.00606475,0.00606475
161,1527.23,1.06662,0.93309,1.48044,0.76593,0.73239,0.7955,0.53164,1.20686,0.96866,1.65413,0.00604,0.00604,0.00604
162,1536.69,1.06613,0.9371,1.47116,0.78272,0.71053,0.79985,0.52758,1.23553,0.98879,1.65531,0.00601525,0.00601525,0.00601525
163,1546.11,1.08767,0.93696,1.48391,0.79168,0.69829,0.78906,0.52552,1.23802,0.98315,1.68302,0.0059905,0.0059905,0.0059905
164,1555.69,1.0794,0.93689,1.47949,0.7827,0.69791,0.79557,0.52583,1.2497,1.00936,1.70345,0.00596575,0.00596575,0.00596575
165,1565.07,1.06816,0.9107,1.47346,0.75697,0.74394,0.79251,0.52524,1.19846,0.94305,1.65314,0.005941,0.005941,0.005941
166,1574.48,1.07846,0.94164,1.47837,0.81735,0.69836,0.79235,0.52464,1.20559,0.97833,1.65612,0.00591625,0.00591625,0.00591625
167,1583.91,1.05813,0.91467,1.47018,0.78876,0.74212,0.80302,0.54214,1.19754,0.95224,1.66789,0.0058915,0.0058915,0.0058915
168,1593.38,1.06862,0.92457,1.47925,0.75882,0.75477,0.80665,0.53889,1.19967,0.91103,1.64391,0.00586675,0.00586675,0.00586675
169,1602.87,1.04952,0.91921,1.46623,0.79018,0.72697,0.795,0.53433,1.19942,0.9391,1.64066,0.005842,0.005842,0.005842
170,1612.45,1.06768,0.93331,1.47883,0.80218,0.7194,0.78961,0.53665,1.17216,0.90279,1.62938,0.00581725,0.00581725,0.00581725
171,1622,1.06972,0.92749,1.47408,0.82336,0.70824,0.79243,0.52647,1.17927,0.9927,1.63943,0.0057925,0.0057925,0.0057925
172,1631.62,1.05385,0.90778,1.46276,0.81252,0.66248,0.76531,0.51464,1.23813,1.01597,1.69869,0.00576775,0.00576775,0.00576775
173,1640.97,1.0462,0.90023,1.45986,0.81164,0.71562,0.80162,0.53657,1.2094,0.91654,1.65256,0.005743,0.005743,0.005743
174,1650.41,1.06438,0.93767,1.4745,0.7759,0.73953,0.80557,0.53665,1.2141,0.91818,1.66245,0.00571825,0.00571825,0.00571825
175,1659.83,1.04368,0.90376,1.46366,0.80134,0.68853,0.7731,0.51762,1.23526,1.0147,1.69704,0.0056935,0.0056935,0.0056935
176,1669.08,1.06019,0.93828,1.47809,0.8197,0.69191,0.81657,0.54313,1.20645,0.92254,1.63269,0.00566875,0.00566875,0.00566875
177,1678.37,1.06507,0.92436,1.46852,0.8408,0.68826,0.80092,0.53151,1.20716,0.91232,1.6392,0.005644,0.005644,0.005644
178,1687.89,1.04706,0.89921,1.46702,0.78168,0.74896,0.82025,0.54332,1.1885,0.92763,1.63079,0.00561925,0.00561925,0.00561925
179,1697.3,1.05916,0.91264,1.47051,0.77827,0.70012,0.78959,0.52772,1.19833,0.96001,1.64701,0.0055945,0.0055945,0.0055945
180,1706.85,1.05378,0.90137,1.45936,0.84406,0.69959,0.81427,0.5426,1.17909,0.87695,1.64322,0.00556975,0.00556975,0.00556975
181,1716.27,1.06163,0.91259,1.47098,0.83918,0.68934,0.79996,0.53267,1.19004,0.93785,1.64092,0.005545,0.005545,0.005545
182,1725.77,1.04772,0.88458,1.45041,0.83018,0.70626,0.81834,0.54832,1.1848,0.9109,1.6241,0.00552025,0.00552025,0.00552025
183,1735.12,1.04071,0.87854,1.44363,0.72682,0.7284,0.77082,0.51598,1.20457,0.97427,1.6546,0.0054955,0.0054955,0.0054955
184,1744.62,1.04036,0.87537,1.44355,0.84633,0.69862,0.80399,0.53897,1.1981,0.91971,1.64455,0.00547075,0.00547075,0.00547075
185,1753.9,1.04411,0.88639,1.45028,0.82659,0.69216,0.80074,0.53939,1.19707,1.01664,1.63735,0.005446,0.005446,0.005446
186,1763.39,1.04507,0.88695,1.44905,0.81367,0.71335,0.81047,0.54169,1.18827,0.91408,1.63039,0.00542125,0.00542125,0.00542125
187,1772.83,1.03635,0.86747,1.44077,0.7778,0.71169,0.78271,0.51758,1.22753,1.03032,1.65902,0.0053965,0.0053965,0.0053965
188,1782.32,1.04096,0.88541,1.44289,0.81139,0.71511,0.81492,0.5408,1.19998,0.88268,1.63727,0.00537175,0.00537175,0.00537175
189,1791.72,1.01996,0.85858,1.43408,0.84308,0.72737,0.82452,0.55385,1.18405,0.87961,1.6199,0.005347,0.005347,0.005347
190,1801.34,1.05188,0.86964,1.44777,0.79696,0.72688,0.81698,0.54115,1.20102,0.92692,1.63188,0.00532225,0.00532225,0.00532225
191,1810.81,1.01781,0.87084,1.44024,0.83355,0.74675,0.83584,0.54964,1.19554,0.86596,1.62899,0.0052975,0.0052975,0.0052975
192,1820.24,1.03289,0.88154,1.44776,0.82267,0.70302,0.80227,0.53387,1.16984,0.97066,1.61659,0.00527275,0.00527275,0.00527275
193,1829.63,1.03718,0.86515,1.44257,0.82618,0.72327,0.8229,0.54924,1.19924,0.93956,1.6311,0.005248,0.005248,0.005248
194,1839.02,1.02811,0.86887,1.43955,0.79545,0.7291,0.80774,0.54431,1.18818,0.99481,1.62726,0.00522325,0.00522325,0.00522325
195,1848.57,1.0386,0.86064,1.44377,0.82815,0.71135,0.81848,0.54296,1.21013,0.92277,1.64205,0.0051985,0.0051985,0.0051985
196,1858.02,1.0292,0.86043,1.43528,0.81308,0.73237,0.81767,0.54849,1.17194,0.88372,1.61306,0.00517375,0.00517375,0.00517375
197,1867.45,1.02685,0.87674,1.43633,0.8615,0.70003,0.81149,0.53653,1.16762,0.91499,1.61668,0.005149,0.005149,0.005149
198,1876.93,1.03237,0.86916,1.44459,0.84406,0.71003,0.82177,0.54424,1.1977,0.94871,1.63826,0.00512425,0.00512425,0.00512425
199,1886.53,1.02294,0.86034,1.43859,0.81022,0.71571,0.80829,0.53893,1.19805,0.93605,1.62271,0.0050995,0.0050995,0.0050995
200,1895.99,1.0169,0.84424,1.42078,0.83331,0.71618,0.80988,0.54112,1.20125,0.9305,1.63075,0.00507475,0.00507475,0.00507475
201,1905.5,1.01852,0.83839,1.43159,0.79486,0.72474,0.79789,0.53214,1.18926,0.97961,1.62644,0.00505,0.00505,0.00505
202,1914.93,1.0204,0.84106,1.43045,0.79623,0.72309,0.8149,0.54082,1.1912,0.98114,1.63046,0.00502525,0.00502525,0.00502525
203,1924.26,1.02492,0.84959,1.43385,0.85068,0.71337,0.82727,0.54552,1.17548,0.86616,1.60022,0.0050005,0.0050005,0.0050005
204,1933.69,1.01803,0.84156,1.41959,0.84124,0.70654,0.80754,0.53823,1.16516,0.91189,1.60372,0.00497575,0.00497575,0.00497575
205,1943.11,1.01425,0.84007,1.42076,0.80115,0.73897,0.8237,0.55013,1.15548,0.91289,1.59274,0.004951,0.004951,0.004951
206,1952.52,1.01383,0.84254,1.41775,0.80973,0.72635,0.82177,0.54472,1.17437,0.94255,1.59879,0.00492625,0.00492625,0.00492625
207,1961.92,0.99676,0.81758,1.40733,0.79284,0.76024,0.82615,0.5527,1.17273,0.91632,1.61061,0.0049015,0.0049015,0.0049015
208,1971.34,1.02059,0.83583,1.42834,0.79281,0.76224,0.81649,0.53777,1.19633,0.90537,1.63634,0.00487675,0.00487675,0.00487675
209,1980.87,1.01083,0.82851,1.41481,0.81917,0.71692,0.81389,0.54019,1.17915,0.90204,1.61044,0.004852,0.004852,0.004852
210,1990.32,1.01571,0.83509,1.42232,0.7995,0.70074,0.78804,0.53151,1.21692,0.97008,1.64578,0.00482725,0.00482725,0.00482725
211,1999.68,0.99635,0.81963,1.40407,0.79823,0.71617,0.81823,0.55066,1.22204,0.97931,1.65831,0.0048025,0.0048025,0.0048025
212,2009.02,1.02559,0.83759,1.43116,0.78267,0.76655,0.81681,0.54082,1.19025,0.87765,1.6385,0.00477775,0.00477775,0.00477775
213,2018.43,1.0159,0.8438,1.42437,0.79786,0.7088,0.79215,0.52774,1.2293,0.95916,1.65076,0.004753,0.004753,0.004753
214,2027.91,1.00644,0.82915,1.41345,0.84961,0.709,0.81135,0.54484,1.20174,0.89986,1.62756,0.00472825,0.00472825,0.00472825
215,2037.29,1.01489,0.82776,1.41808,0.77858,0.74504,0.81516,0.54757,1.1949,0.87163,1.61862,0.0047035,0.0047035,0.0047035
216,2046.68,0.99602,0.81687,1.4046,0.82653,0.72837,0.81158,0.54403,1.20682,0.8683,1.6486,0.00467875,0.00467875,0.00467875
217,2055.86,1.01969,0.81764,1.42308,0.7872,0.75042,0.80729,0.54163,1.21184,0.91605,1.6371,0.004654,0.004654,0.004654
218,2065.25,0.98547,0.8023,1.39607,0.7988,0.72678,0.82332,0.54705,1.22067,0.91358,1.64366,0.00462925,0.00462925,0.00462925
219,2074.7,1.00347,0.81759,1.40527,0.80846,0.72429,0.81809,0.54686,1.1954,0.94867,1.62539,0.0046045,0.0046045,0.0046045
220,2084.08,0.99101,0.80782,1.41016,0.83374,0.73665,0.8201,0.55712,1.16022,0.87238,1.58484,0.00457975,0.00457975,0.00457975
221,2093.46,1.00539,0.82312,1.40898,0.81801,0.72869,0.80649,0.55043,1.15661,0.89987,1.60023,0.004555,0.004555,0.004555
222,2102.93,1.012,0.82509,1.41259,0.81351,0.74212,0.8203,0.54715,1.18617,0.89752,1.61705,0.00453025,0.00453025,0.00453025
223,2112.31,0.99094,0.80642,1.3932,0.86861,0.69921,0.82432,0.54977,1.18619,0.90033,1.6095,0.0045055,0.0045055,0.0045055
224,2121.71,0.99999,0.8126,1.39791,0.80975,0.72972,0.81822,0.54422,1.1733,0.93954,1.6018,0.00448075,0.00448075,0.00448075
225,2131.04,0.99595,0.79643,1.40302,0.85343,0.69998,0.8145,0.54252,1.19313,0.91445,1.61004,0.004456,0.004456,0.004456
226,2140.35,0.99778,0.81061,1.39904,0.82208,0.6997,0.80034,0.53768,1.19445,0.94646,1.62348,0.00443125,0.00443125,0.00443125
227,2149.86,0.99069,0.79061,1.39993,0.811,0.7286,0.79999,0.53686,1.16792,0.94344,1.60913,0.0044065,0.0044065,0.0044065
228,2159.19,0.97495,0.78089,1.39243,0.81033,0.72125,0.81251,0.54589,1.19287,0.90727,1.61243,0.00438175,0.00438175,0.00438175
229,2168.71,0.99916,0.7945,1.40158,0.812,0.74555,0.81834,0.55309,1.17658,0.8768,1.61833,0.004357,0.004357,0.004357
230,2178.18,0.98406,0.80877,1.39679,0.80404,0.74799,0.82643,0.55348,1.18356,0.87545,1.62241,0.00433225,0.00433225,0.00433225
231,2187.45,0.99579,0.80186,1.40149,0.87465,0.6916,0.82657,0.55436,1.1831,0.85453,1.62956,0.0043075,0.0043075,0.0043075
232,2196.64,0.98362,0.79807,1.39649,0.81479,0.71948,0.81882,0.54982,1.17949,0.87385,1.61228,0.00428275,0.00428275,0.00428275
233,2206.06,0.98555,0.79127,1.38887,0.87647,0.69777,0.81905,0.54799,1.18591,0.90431,1.62179,0.004258,0.004258,0.004258
234,2215.46,0.97474,0.79034,1.3893,0.80679,0.74514,0.81362,0.54518,1.17951,0.93178,1.6209,0.00423325,0.00423325,0.00423325
235,2224.83,0.98309,0.78125,1.39362,0.80806,0.76202,0.833,0.55605,1.18992,0.97401,1.60752,0.0042085,0.0042085,0.0042085
236,2234.24,0.97033,0.79048,1.38585,0.83876,0.73007,0.82379,0.55641,1.1773,0.9548,1.61519,0.00418375,0.00418375,0.00418375
237,2243.62,0.98499,0.79561,1.39201,0.83983,0.75773,0.82867,0.55511,1.17575,0.88622,1.59787,0.004159,0.004159,0.004159
238,2253.06,0.995,0.80994,1.39951,0.8296,0.72634,0.81683,0.54629,1.19522,0.96481,1.62728,0.00413425,0.00413425,0.00413425
239,2262.41,0.99663,0.79886,1.4008,0.85912,0.72609,0.81539,0.5429,1.21709,0.93853,1.65014,0.0041095,0.0041095,0.0041095
240,2271.73,0.98624,0.79439,1.3911,0.87431,0.70236,0.82693,0.5573,1.18741,0.90482,1.62216,0.00408475,0.00408475,0.00408475
241,2281.05,0.97808,0.775,1.38543,0.80067,0.75793,0.82142,0.55856,1.2063,0.94031,1.63026,0.00406,0.00406,0.00406
242,2290.42,0.98048,0.76329,1.39539,0.86341,0.68751,0.81419,0.54433,1.2216,0.91437,1.67712,0.00403525,0.00403525,0.00403525
243,2299.81,0.98243,0.76373,1.39066,0.79109,0.75518,0.8249,0.54708,1.20027,0.87054,1.6388,0.0040105,0.0040105,0.0040105
244,2309.11,0.95839,0.77479,1.3741,0.80614,0.73424,0.82447,0.55528,1.18132,0.88419,1.62748,0.00398575,0.00398575,0.00398575
245,2318.61,0.97294,0.7884,1.37799,0.82857,0.72234,0.83336,0.55807,1.1784,0.86887,1.60578,0.003961,0.003961,0.003961
246,2328.15,0.97535,0.76944,1.37915,0.80613,0.75184,0.82923,0.55621,1.16511,0.87163,1.61634,0.00393625,0.00393625,0.00393625
247,2337.36,0.97509,0.77341,1.37655,0.82253,0.75459,0.82832,0.55028,1.1788,0.8594,1.61974,0.0039115,0.0039115,0.0039115
248,2346.76,0.96713,0.77235,1.38106,0.8286,0.77251,0.84284,0.56022,1.21519,0.89955,1.64254,0.00388675,0.00388675,0.00388675
249,2356.01,0.97974,0.76037,1.37651,0.83751,0.7184,0.83362,0.55465,1.2078,0.85335,1.64756,0.003862,0.003862,0.003862
250,2365.38,0.97408,0.77144,1.37766,0.82126,0.70507,0.81384,0.54478,1.16651,0.94579,1.60124,0.00383725,0.00383725,0.00383725
251,2374.76,0.96493,0.77102,1.37232,0.8065,0.75105,0.81999,0.54606,1.18511,0.92027,1.6212,0.0038125,0.0038125,0.0038125
252,2384.33,0.96668,0.7654,1.37292,0.83618,0.71072,0.81371,0.54009,1.19202,0.91633,1.6303,0.00378775,0.00378775,0.00378775
253,2393.72,0.96329,0.76247,1.37202,0.78834,0.74984,0.80899,0.54404,1.18981,0.91376,1.6197,0.003763,0.003763,0.003763
254,2403.14,0.97896,0.77055,1.38299,0.79865,0.74158,0.82097,0.54832,1.19071,0.90723,1.61456,0.00373825,0.00373825,0.00373825
255,2412.58,0.95947,0.75322,1.36749,0.86577,0.69228,0.81521,0.54659,1.20175,0.91721,1.63088,0.0037135,0.0037135,0.0037135
256,2421.85,0.94831,0.74101,1.35912,0.83249,0.74805,0.82867,0.554,1.16598,0.85616,1.61186,0.00368875,0.00368875,0.00368875
257,2431.35,0.94937,0.74509,1.36496,0.82511,0.72976,0.8204,0.55383,1.15399,0.87376,1.59591,0.003664,0.003664,0.003664
258,2440.79,0.95171,0.75895,1.36463,0.82458,0.75015,0.83234,0.5645,1.17798,0.86964,1.61491,0.00363925,0.00363925,0.00363925
259,2450.12,0.96066,0.75625,1.36629,0.8397,0.72914,0.8244,0.55386,1.17898,0.91514,1.61952,0.0036145,0.0036145,0.0036145
260,2459.54,0.9513,0.74422,1.36774,0.83577,0.72994,0.82311,0.5523,1.18452,0.92182,1.62549,0.00358975,0.00358975,0.00358975
261,2468.88,0.96224,0.73734,1.36556,0.78039,0.78349,0.83811,0.56034,1.1799,0.86503,1.62526,0.003565,0.003565,0.003565
262,2478.34,0.94089,0.73119,1.35393,0.81205,0.75458,0.82261,0.54716,1.19755,0.92191,1.62537,0.00354025,0.00354025,0.00354025
263,2487.75,0.94573,0.75584,1.35488,0.8305,0.73853,0.82662,0.55295,1.17793,0.91032,1.60566,0.0035155,0.0035155,0.0035155
264,2497.15,0.9477,0.74942,1.36011,0.78886,0.75742,0.817,0.5466,1.21118,0.90639,1.64082,0.00349075,0.00349075,0.00349075
265,2506.49,0.93297,0.73995,1.34963,0.82747,0.72161,0.82477,0.55237,1.19437,0.88673,1.63494,0.003466,0.003466,0.003466
266,2515.75,0.9372,0.73115,1.34525,0.81216,0.75234,0.83821,0.55742,1.18388,0.90263,1.61767,0.00344125,0.00344125,0.00344125
267,2525.11,0.95455,0.74243,1.36232,0.78734,0.78155,0.82518,0.55382,1.17652,0.88601,1.60517,0.0034165,0.0034165,0.0034165
268,2534.49,0.94258,0.75004,1.35655,0.81074,0.76005,0.82437,0.55665,1.16282,0.88177,1.60346,0.00339175,0.00339175,0.00339175
269,2543.9,0.95233,0.74748,1.35689,0.82802,0.74458,0.82506,0.55581,1.17615,0.884,1.60751,0.003367,0.003367,0.003367
270,2553.33,0.94278,0.73868,1.35895,0.84184,0.73378,0.82278,0.54991,1.17569,0.88072,1.60514,0.00334225,0.00334225,0.00334225
271,2562.72,0.94867,0.74011,1.36053,0.80152,0.7451,0.82,0.54849,1.19035,0.93905,1.61291,0.0033175,0.0033175,0.0033175
272,2572.01,0.94404,0.75119,1.35072,0.83181,0.73683,0.82613,0.55424,1.17876,0.86773,1.60401,0.00329275,0.00329275,0.00329275
273,2581.47,0.93816,0.72743,1.34446,0.83163,0.7529,0.83131,0.55597,1.20177,0.86942,1.62068,0.003268,0.003268,0.003268
274,2590.93,0.94023,0.71601,1.34293,0.81214,0.77102,0.83885,0.56518,1.17995,0.83041,1.61565,0.00324325,0.00324325,0.00324325
275,2600.45,0.95121,0.74145,1.35192,0.82476,0.74128,0.81921,0.54667,1.20248,0.82315,1.64041,0.0032185,0.0032185,0.0032185
276,2609.74,0.93704,0.72503,1.34415,0.83881,0.73847,0.82102,0.54718,1.18966,0.84831,1.635,0.00319375,0.00319375,0.00319375
277,2619.2,0.94778,0.735,1.35632,0.83163,0.75509,0.83039,0.55142,1.18714,0.88705,1.62536,0.003169,0.003169,0.003169
278,2628.54,0.93243,0.72181,1.33987,0.79103,0.76829,0.81996,0.55394,1.17023,0.89033,1.61044,0.00314425,0.00314425,0.00314425
279,2637.89,0.93606,0.71672,1.34482,0.83816,0.72443,0.82145,0.55273,1.17937,0.88469,1.62805,0.0031195,0.0031195,0.0031195
280,2647.29,0.93418,0.71425,1.34377,0.8324,0.71924,0.82229,0.55197,1.18793,0.87343,1.63351,0.00309475,0.00309475,0.00309475
281,2656.63,0.93939,0.71986,1.34912,0.84754,0.70853,0.82112,0.5476,1.16983,0.81911,1.61093,0.00307,0.00307,0.00307
282,2666.14,0.94085,0.71994,1.35293,0.82219,0.74496,0.8326,0.55847,1.17181,0.7936,1.60022,0.00304525,0.00304525,0.00304525
283,2675.53,0.93429,0.72505,1.34301,0.83083,0.7546,0.81468,0.55109,1.1841,0.8511,1.60512,0.0030205,0.0030205,0.0030205
284,2684.98,0.93467,0.71138,1.33331,0.8634,0.72469,0.82717,0.5525,1.17738,0.87215,1.60922,0.00299575,0.00299575,0.00299575
285,2694.33,0.93677,0.70832,1.34854,0.84384,0.7422,0.83417,0.55399,1.18977,0.87355,1.62193,0.002971,0.002971,0.002971
286,2703.72,0.92145,0.70314,1.33346,0.8399,0.72878,0.83006,0.55828,1.18773,0.85902,1.6138,0.00294625,0.00294625,0.00294625
287,2713.18,0.93405,0.72276,1.34469,0.8504,0.7343,0.83239,0.56228,1.17735,0.8794,1.61207,0.0029215,0.0029215,0.0029215
288,2722.59,0.949,0.72207,1.34985,0.84312,0.74528,0.83775,0.56268,1.16156,0.86944,1.60802,0.00289675,0.00289675,0.00289675
289,2732.02,0.92831,0.70578,1.34086,0.81167,0.74513,0.82567,0.55815,1.17643,0.88644,1.61792,0.002872,0.002872,0.002872
290,2741.43,0.92584,0.70186,1.33242,0.85307,0.73457,0.84133,0.56587,1.16898,0.86702,1.61737,0.00284725,0.00284725,0.00284725
291,2750.76,0.91295,0.70842,1.33423,0.86152,0.72889,0.84252,0.56988,1.15341,0.82906,1.60031,0.0028225,0.0028225,0.0028225
292,2760.26,0.93117,0.70515,1.33482,0.82183,0.77397,0.84637,0.56701,1.18206,0.84051,1.61826,0.00279775,0.00279775,0.00279775
293,2769.63,0.91692,0.69385,1.33232,0.81681,0.77392,0.84719,0.56359,1.1504,0.80633,1.59132,0.002773,0.002773,0.002773
294,2779.09,0.91912,0.69268,1.32906,0.82212,0.74025,0.83151,0.55639,1.16374,0.84532,1.59436,0.00274825,0.00274825,0.00274825
295,2788.4,0.92608,0.70842,1.33865,0.81198,0.75688,0.82303,0.55204,1.19358,0.88377,1.61994,0.0027235,0.0027235,0.0027235
296,2797.72,0.90434,0.69289,1.31908,0.79783,0.75353,0.8235,0.5511,1.21182,0.89467,1.63227,0.00269875,0.00269875,0.00269875
297,2807.1,0.91122,0.70559,1.33051,0.81418,0.74819,0.82045,0.5552,1.19453,0.88451,1.62,0.002674,0.002674,0.002674
298,2816.5,0.93011,0.71422,1.34259,0.81164,0.73997,0.82147,0.55312,1.1987,0.86149,1.6326,0.00264925,0.00264925,0.00264925
299,2826.04,0.9227,0.71302,1.33805,0.81888,0.74912,0.8342,0.56055,1.18884,0.88637,1.62793,0.0026245,0.0026245,0.0026245
300,2835.53,0.90343,0.69506,1.31666,0.76631,0.77929,0.83308,0.56419,1.16646,0.87008,1.61272,0.00259975,0.00259975,0.00259975
301,2845.03,0.91025,0.6967,1.32468,0.81239,0.75242,0.83576,0.5664,1.1741,0.84414,1.62048,0.002575,0.002575,0.002575
302,2854.54,0.90429,0.6795,1.31228,0.85815,0.74192,0.83371,0.56256,1.1831,0.84647,1.6186,0.00255025,0.00255025,0.00255025
303,2863.85,0.9055,0.68741,1.31514,0.81588,0.75359,0.837,0.56356,1.1751,0.8592,1.60881,0.0025255,0.0025255,0.0025255
304,2873.19,0.90671,0.68134,1.32126,0.80096,0.7675,0.82912,0.56164,1.16702,0.87976,1.5999,0.00250075,0.00250075,0.00250075
305,2882.64,0.90783,0.69466,1.32859,0.83122,0.75165,0.82552,0.5547,1.18598,0.89422,1.62439,0.002476,0.002476,0.002476
306,2892,0.91528,0.70049,1.32216,0.83786,0.74266,0.82997,0.55729,1.18999,0.8977,1.62087,0.00245125,0.00245125,0.00245125
307,2901.31,0.91008,0.68239,1.32007,0.83742,0.74276,0.83138,0.5585,1.17403,0.88939,1.61216,0.0024265,0.0024265,0.0024265
308,2910.81,0.89823,0.6836,1.31749,0.87624,0.71391,0.83033,0.56493,1.17344,0.86577,1.61076,0.00240175,0.00240175,0.00240175
309,2920.2,0.90186,0.67895,1.31888,0.85807,0.7332,0.8248,0.55664,1.16051,0.84951,1.6078,0.002377,0.002377,0.002377
310,2929.56,0.90332,0.67922,1.31349,0.84463,0.73025,0.82903,0.55923,1.16686,0.86268,1.62049,0.00235225,0.00235225,0.00235225
311,2938.96,0.90373,0.67585,1.31251,0.76834,0.77761,0.82544,0.558,1.17621,0.85486,1.63288,0.0023275,0.0023275,0.0023275
312,2948.33,0.89776,0.67604,1.30779,0.82678,0.7487,0.82025,0.55213,1.16983,0.86745,1.62483,0.00230275,0.00230275,0.00230275
313,2957.54,0.90285,0.68098,1.31112,0.79862,0.76729,0.82233,0.55612,1.15579,0.81737,1.59832,0.002278,0.002278,0.002278
314,2966.94,0.89456,0.67392,1.30542,0.81391,0.75619,0.82343,0.55675,1.16349,0.82959,1.60398,0.00225325,0.00225325,0.00225325
315,2976.25,0.90543,0.68171,1.31081,0.85494,0.73536,0.82778,0.56175,1.15642,0.83232,1.59919,0.0022285,0.0022285,0.0022285
316,2985.55,0.9046,0.67376,1.31419,0.83559,0.74163,0.82808,0.56191,1.14542,0.84166,1.5925,0.00220375,0.00220375,0.00220375
317,2994.96,0.89743,0.66857,1.31104,0.84005,0.75533,0.83265,0.56241,1.15846,0.88676,1.59319,0.002179,0.002179,0.002179
318,3004.42,0.89108,0.66291,1.30259,0.86952,0.72408,0.83141,0.56202,1.15393,0.84962,1.60307,0.00215425,0.00215425,0.00215425
319,3013.84,0.90178,0.67805,1.31176,0.85619,0.72891,0.83097,0.56585,1.16041,0.8482,1.6088,0.0021295,0.0021295,0.0021295
320,3023.19,0.87725,0.66898,1.30062,0.84855,0.74167,0.83589,0.56847,1.15422,0.85204,1.61205,0.00210475,0.00210475,0.00210475
321,3032.6,0.89525,0.67573,1.31323,0.84082,0.76812,0.84136,0.5634,1.17128,0.84719,1.62357,0.00208,0.00208,0.00208
322,3041.98,0.88872,0.66096,1.30172,0.81162,0.75572,0.82765,0.56253,1.16006,0.83925,1.60546,0.00205525,0.00205525,0.00205525
323,3051.41,0.8953,0.66359,1.30836,0.84606,0.7389,0.82065,0.55296,1.16383,0.87235,1.60401,0.0020305,0.0020305,0.0020305
324,3060.84,0.88295,0.67254,1.30782,0.82763,0.75159,0.82562,0.55578,1.18418,0.91714,1.60976,0.00200575,0.00200575,0.00200575
325,3070.31,0.89357,0.66888,1.30357,0.83879,0.74711,0.83388,0.56265,1.18105,0.89755,1.61955,0.001981,0.001981,0.001981
326,3079.75,0.88058,0.65851,1.29795,0.82224,0.75082,0.83493,0.55888,1.18016,0.86494,1.62106,0.00195625,0.00195625,0.00195625
327,3089.14,0.89274,0.66111,1.30625,0.85414,0.71946,0.82854,0.56172,1.17191,0.90064,1.61862,0.0019315,0.0019315,0.0019315
328,3098.54,0.88786,0.65645,1.29795,0.82498,0.73899,0.82922,0.55877,1.17374,0.89764,1.61535,0.00190675,0.00190675,0.00190675
329,3107.96,0.88326,0.66428,1.29899,0.82887,0.74318,0.82953,0.55842,1.16402,0.88935,1.61038,0.001882,0.001882,0.001882
330,3117.36,0.87938,0.67692,1.30125,0.87921,0.69563,0.82759,0.55618,1.17207,0.90342,1.60826,0.00185725,0.00185725,0.00185725
331,3126.67,0.87969,0.67415,1.30144,0.84736,0.74143,0.83267,0.56464,1.17299,0.85285,1.61333,0.0018325,0.0018325,0.0018325
332,3136.03,0.89294,0.66883,1.31047,0.86409,0.72478,0.82619,0.55812,1.18654,0.85409,1.62779,0.00180775,0.00180775,0.00180775
333,3145.46,0.89571,0.66549,1.30968,0.8391,0.74615,0.83239,0.56317,1.19787,0.84786,1.65,0.001783,0.001783,0.001783
334,3154.86,0.87279,0.64347,1.28728,0.84969,0.75129,0.83536,0.56394,1.18668,0.86506,1.63626,0.00175825,0.00175825,0.00175825
335,3164.2,0.88395,0.65694,1.2999,0.84406,0.74322,0.83725,0.56458,1.18969,0.86821,1.63434,0.0017335,0.0017335,0.0017335
336,3173.61,0.86963,0.64162,1.29541,0.81544,0.76505,0.83455,0.56415,1.16816,0.86879,1.61468,0.00170875,0.00170875,0.00170875
337,3182.93,0.87547,0.64764,1.296,0.82688,0.75405,0.83379,0.56658,1.16462,0.85371,1.61834,0.001684,0.001684,0.001684
338,3192.31,0.8811,0.65117,1.30282,0.79743,0.78321,0.83571,0.56366,1.17253,0.85505,1.61985,0.00165925,0.00165925,0.00165925
339,3201.66,0.86762,0.63583,1.28344,0.8185,0.77479,0.83515,0.56553,1.16312,0.83669,1.61265,0.0016345,0.0016345,0.0016345
340,3211.04,0.8805,0.65926,1.29568,0.84646,0.74866,0.82422,0.5603,1.17498,0.84445,1.62862,0.00160975,0.00160975,0.00160975
341,3220.48,0.86485,0.65135,1.28572,0.84395,0.74586,0.8303,0.56085,1.16889,0.84107,1.62647,0.001585,0.001585,0.001585
342,3230.02,0.87122,0.64629,1.29432,0.82658,0.74872,0.82859,0.56341,1.17755,0.83938,1.62991,0.00156025,0.00156025,0.00156025
343,3239.39,0.87257,0.64236,1.29441,0.82081,0.75536,0.8344,0.56535,1.16792,0.86004,1.618,0.0015355,0.0015355,0.0015355
344,3248.85,0.85856,0.62886,1.27983,0.82561,0.75419,0.83651,0.56908,1.17711,0.92056,1.62774,0.00151075,0.00151075,0.00151075
345,3258.18,0.87144,0.64389,1.29146,0.84289,0.73842,0.83292,0.56811,1.16555,0.87631,1.61776,0.001486,0.001486,0.001486
346,3267.68,0.86506,0.62487,1.2836,0.8107,0.75412,0.83108,0.56958,1.15162,0.89043,1.60262,0.00146125,0.00146125,0.00146125
347,3276.92,0.86564,0.63827,1.28332,0.80569,0.76428,0.83679,0.57186,1.15259,0.88265,1.59957,0.0014365,0.0014365,0.0014365
348,3286.22,0.86458,0.64084,1.28671,0.83871,0.74624,0.81878,0.555,1.16378,0.88349,1.61169,0.00141175,0.00141175,0.00141175
349,3295.69,0.8718,0.64991,1.29166,0.82306,0.76409,0.83016,0.5666,1.17431,0.87058,1.63139,0.001387,0.001387,0.001387
350,3305.07,0.85797,0.64083,1.28563,0.81748,0.75844,0.83651,0.56768,1.17678,0.82785,1.64303,0.00136225,0.00136225,0.00136225
351,3314.41,0.86939,0.6393,1.28652,0.85743,0.73736,0.83225,0.56656,1.17255,0.83733,1.64015,0.0013375,0.0013375,0.0013375
352,3323.82,0.86196,0.64093,1.28816,0.8317,0.7587,0.83117,0.56302,1.17905,0.84483,1.64566,0.00131275,0.00131275,0.00131275
353,3333.06,0.86561,0.62506,1.27526,0.82958,0.74702,0.82616,0.56221,1.18633,0.91003,1.64295,0.001288,0.001288,0.001288
354,3342.41,0.87451,0.63903,1.28817,0.8155,0.75832,0.81935,0.55763,1.17768,0.92645,1.63357,0.00126325,0.00126325,0.00126325
355,3351.84,0.84758,0.63329,1.27649,0.81945,0.75597,0.81726,0.55782,1.14896,0.92121,1.60906,0.0012385,0.0012385,0.0012385
356,3361.36,0.85848,0.63265,1.27614,0.80262,0.7599,0.82967,0.56453,1.14866,0.89876,1.60824,0.00121375,0.00121375,0.00121375
357,3370.8,0.85123,0.61844,1.27252,0.84299,0.74511,0.83391,0.56357,1.15615,0.85058,1.60959,0.001189,0.001189,0.001189
358,3380.36,0.84187,0.62207,1.26679,0.80835,0.77395,0.83256,0.56642,1.15171,0.83952,1.59984,0.00116425,0.00116425,0.00116425
359,3389.78,0.85465,0.62654,1.28091,0.85644,0.72888,0.83054,0.56395,1.15104,0.84974,1.59696,0.0011395,0.0011395,0.0011395
360,3399.12,0.86228,0.63383,1.27671,0.84933,0.71735,0.82608,0.56181,1.15804,0.85216,1.60588,0.00111475,0.00111475,0.00111475
361,3408.61,0.85717,0.63053,1.2804,0.80886,0.75552,0.82226,0.5592,1.15743,0.84703,1.60833,0.00109,0.00109,0.00109
362,3418.08,0.84832,0.61927,1.26485,0.82434,0.76651,0.83006,0.5645,1.17859,0.85471,1.62937,0.00106525,0.00106525,0.00106525
363,3427.46,0.84052,0.62106,1.27091,0.81139,0.76693,0.83113,0.56372,1.18201,0.86496,1.63374,0.0010405,0.0010405,0.0010405
364,3436.98,0.84787,0.62659,1.27287,0.81132,0.77362,0.83163,0.56379,1.17718,0.84704,1.62901,0.00101575,0.00101575,0.00101575
365,3446.32,0.84555,0.61963,1.26408,0.8278,0.76965,0.83247,0.56531,1.16935,0.85152,1.62643,0.000991,0.000991,0.000991
366,3455.72,0.84684,0.61483,1.26539,0.81007,0.76075,0.82586,0.56352,1.16606,0.85462,1.6209,0.00096625,0.00096625,0.00096625
367,3465.21,0.84737,0.62131,1.26599,0.82595,0.75488,0.8356,0.56754,1.17261,0.85154,1.62075,0.0009415,0.0009415,0.0009415
368,3474.72,0.84506,0.61246,1.26483,0.82032,0.76203,0.83211,0.56458,1.17195,0.84921,1.62354,0.00091675,0.00091675,0.00091675
369,3484.03,0.84192,0.61936,1.26747,0.78824,0.7833,0.83088,0.56396,1.17975,0.83026,1.63945,0.000892,0.000892,0.000892
370,3493.47,0.85155,0.61935,1.26977,0.83887,0.74691,0.82951,0.56585,1.17457,0.85111,1.63428,0.00086725,0.00086725,0.00086725
371,3502.9,0.83859,0.60656,1.26692,0.7958,0.78166,0.832,0.56439,1.17714,0.83389,1.63259,0.0008425,0.0008425,0.0008425
372,3512.25,0.84396,0.61228,1.26702,0.85117,0.75005,0.83628,0.56749,1.18014,0.83124,1.63939,0.00081775,0.00081775,0.00081775
373,3521.57,0.83578,0.61445,1.26642,0.85191,0.74964,0.83788,0.5658,1.17464,0.83207,1.63333,0.000793,0.000793,0.000793
374,3530.99,0.84701,0.61325,1.26789,0.86104,0.74239,0.83634,0.56451,1.18245,0.84121,1.64074,0.00076825,0.00076825,0.00076825
375,3540.32,0.83433,0.60798,1.27082,0.85359,0.74487,0.83418,0.56452,1.17315,0.84173,1.63542,0.0007435,0.0007435,0.0007435
376,3549.79,0.83127,0.60765,1.26495,0.83091,0.75725,0.83439,0.56772,1.17477,0.84412,1.63829,0.00071875,0.00071875,0.00071875
377,3559.15,0.83873,0.61443,1.26249,0.81966,0.76092,0.82865,0.56586,1.17498,0.84471,1.63942,0.000694,0.000694,0.000694
378,3568.58,0.84725,0.62461,1.2798,0.818,0.7675,0.82898,0.56226,1.19206,0.84906,1.65099,0.00066925,0.00066925,0.00066925
379,3577.9,0.82819,0.60783,1.25939,0.84151,0.73836,0.83328,0.56681,1.1962,0.84576,1.65707,0.0006445,0.0006445,0.0006445
380,3587.39,0.82616,0.60744,1.26013,0.83684,0.74935,0.83016,0.56772,1.19086,0.8401,1.65375,0.00061975,0.00061975,0.00061975
381,3596.89,0.82373,0.6025,1.25934,0.79342,0.76997,0.82767,0.56302,1.18809,0.8566,1.64773,0.000595,0.000595,0.000595
382,3606.32,0.84928,0.62194,1.26671,0.82869,0.75904,0.82998,0.56311,1.19228,0.86234,1.65466,0.00057025,0.00057025,0.00057025
383,3615.64,0.83355,0.60155,1.2634,0.82192,0.75918,0.82835,0.56123,1.18946,0.85259,1.65632,0.0005455,0.0005455,0.0005455
384,3625.27,0.82782,0.62018,1.26095,0.80419,0.77978,0.82865,0.56308,1.1768,0.84785,1.64177,0.00052075,0.00052075,0.00052075
385,3634.74,0.82938,0.60168,1.25128,0.82934,0.75854,0.82537,0.56369,1.18466,0.8562,1.64945,0.000496,0.000496,0.000496
386,3644.19,0.84304,0.60777,1.26065,0.81053,0.78112,0.82932,0.56349,1.18758,0.86569,1.65225,0.00047125,0.00047125,0.00047125
387,3653.68,0.83013,0.59665,1.25419,0.83965,0.74025,0.8283,0.56531,1.18421,0.85433,1.65022,0.0004465,0.0004465,0.0004465
388,3663.1,0.82085,0.59875,1.25196,0.81209,0.76983,0.82792,0.56313,1.18224,0.85209,1.65067,0.00042175,0.00042175,0.00042175
389,3672.37,0.82786,0.61267,1.26226,0.80071,0.76895,0.82674,0.56215,1.18171,0.85494,1.65149,0.000397,0.000397,0.000397
390,3681.68,0.82348,0.59935,1.25667,0.80538,0.76875,0.82838,0.56231,1.18783,0.85424,1.65066,0.00037225,0.00037225,0.00037225
391,3690.3,0.76888,0.54978,1.2411,0.82876,0.73599,0.82045,0.55801,1.17837,0.85281,1.65048,0.0003475,0.0003475,0.0003475
392,3698.92,0.72079,0.47085,1.20661,0.8371,0.73029,0.80872,0.54652,1.186,0.86641,1.67431,0.00032275,0.00032275,0.00032275
393,3707.55,0.70198,0.44272,1.18839,0.82949,0.75075,0.81222,0.54773,1.18861,0.86579,1.67518,0.000298,0.000298,0.000298
394,3716.24,0.68741,0.42454,1.17566,0.81732,0.75491,0.81237,0.54978,1.17057,0.85811,1.64719,0.00027325,0.00027325,0.00027325
395,3724.89,0.68519,0.41268,1.17074,0.80409,0.75725,0.81404,0.55364,1.16842,0.84394,1.64704,0.0002485,0.0002485,0.0002485
396,3733.53,0.67558,0.41449,1.17026,0.79626,0.75595,0.81159,0.55374,1.17595,0.84602,1.6599,0.00022375,0.00022375,0.00022375
397,3742.16,0.67916,0.40758,1.16498,0.81484,0.74787,0.81567,0.55494,1.17657,0.84788,1.66017,0.000199,0.000199,0.000199
398,3750.73,0.664,0.40472,1.15331,0.81618,0.75345,0.81659,0.55683,1.18331,0.84908,1.67315,0.00017425,0.00017425,0.00017425
399,3759.3,0.67291,0.4163,1.15642,0.81435,0.75029,0.81793,0.55798,1.18174,0.84497,1.67243,0.0001495,0.0001495,0.0001495
400,3767.98,0.66185,0.39625,1.15408,0.83494,0.74974,0.82281,0.55785,1.18526,0.84679,1.67676,0.00012475,0.00012475,0.00012475
